{"q_table": {"2_1_0_0": [-0.9052568223206761, -0.7413534738156365, 5.658097396770852, -0.1675768494986697, 1.0315159606665674, -0.6338187996002085], "1_1_0_0": [3.5971136648864253, 3.224529243310719, 3.642562525575935, 3.013603692104316, 5.222998259634169, 12.537558153467193], "0_1_0_0": [6.476181612306129, 8.536646060282257, 5.060693608130266, 12.670523069302245, 2.3380400103729198, 6.871693404510504], "0_0_0_0": [-8.309758589280392, -7.85723747022498, -1.264104952765258, -2.822267850435469, 4.867008675394366, -4.339597484816054], "0_2_0_0": [3.5240489267391286, 4.050839560914666, 2.8219038092213893, 4.255977902518859, 4.252169944602788, 4.239374032113701], "1_2_0_0": [0.20905363998038087, 1.1367876843155367, 1.074105468822045, 1.077774190421484, 1.0770129408027005, 2.1699498394735968], "1_0_0_0": [-0.5814252324953461, 0.32927712638737855, 2.6832334415796284, -0.07141926133814352, 0.30678071726482153, -1.5117388824456566], "2_0_0_0": [-0.6256866957348808, 0.004009758768726433, -0.5764334457004378, -0.9223764650741948, -1.7707925225220658, -0.6296566331556103], "2_2_0_0": [-0.4189926362782863, -0.25313572067229695, 0.47177341546499646, -0.7580308825202778, -1.0083068170565137, -0.6703808405328372]}, "epsilon": 0.04999916370086185, "episodes": 10000}