{"q_table": {"2_1_1_0": [-15.966993096247572, -17.01821427804116, 14.022528071969068, -5.480988783547135, -9.066018407583618, -4.092143438966097], "2_1_1_2": [-11.384315458760225, -19.214007807876037, -2.1719165058729746, -1.9813277942148024, -9.234650381292962, 2.0745859080430638], "2_1_1_1": [-4.080763397038885, -1.0244005856062628, -4.054628673341511, -4.141378471184188, -6.0925388097098185, -4.5744524710734], "1_1_1_1": [21.251657973042747, 17.465485129761348, 27.244768090952494, 16.116111197327445, 11.828040681053448, 17.011707928558742], "1_1_1_0": [19.57137219571173, 15.3397830268582, 5.504862063164881, 23.930364618282617, 15.492760595288496, 22.15518725163142], "1_1_1_2": [7.463166124891618, 2.912967700797844, -3.7889907100424165, 0.844054347593743, 3.1903825193696598, 18.428401043668032], "1_0_1_1": [5.525781960631646, 5.226063358696114, 6.501826126958337, 5.40003966620603, 5.523632773889703, 5.525207971349419], "1_1_0_2": [-4.223021001035303, -4.107850351017829, -4.580333033316572, 16.84418967737291, -0.8353308846775316, -8.845138210745858], "1_0_1_0": [5.07054864688153, 5.076879080330206, 4.982907361531841, 5.195464272651492, 4.543021104999726, 4.916928436468581], "1_1_0_0": [4.871794078524699, 9.172919275857083, 2.600649116518961, 17.841031789606582, 1.4785116602824058, 7.071122185675764], "1_1_0_1": [-2.48651234726676, 5.370543504899791, 4.6906609176547445, -6.086250797081702, 17.841650463187698, -10.593709059646015], "1_0_1_2": [6.226253554654653, 6.469856806084898, 5.445170850732499, 4.008662100445391, 6.275165440954919, 5.939174444391528], "2_1_0_0": [-13.943365469294312, 8.85022474802309, -6.707200720149162, -9.842445412129111, -10.580234048893415, -9.362683597437735], "2_0_1_0": [-13.485437089072423, -7.0211632164440925, 2.126259655677795, -11.348987979648959, -10.076771492156139, -10.24505307164135], "2_0_1_1": [0.6904919402307742, -10.75069630957399, -8.772060832772064, -5.941365779749219, -9.671193759297196, -14.639236786449029], "2_0_1_2": [-9.375959809270404, -9.021277329476284, -7.901948777814826, -6.783431579577617, -5.239789082987964, -9.84968957424338], "2_1_0_2": [-14.21053608351214, -13.590789627802511, -14.765079098601497, -15.098550781447113, -17.66298891265724, -5.307939962588537], "2_1_0_1": [-4.9224309021900154, -17.54443805977192, -18.22300753444154, -14.108587101783012, -12.649676666486265, -14.79679942752264], "1_0_0_1": [-13.968460195974078, -0.6668641525863194, -0.9936249246041164, -12.814923121089823, -0.8360366630169613, 0.7445036368126164], "1_0_0_0": [-9.166969178591133, -4.730433034190714, -1.8306915347068398, -2.9279867952462286, -10.35070422355759, -10.623647004426202], "1_0_0_2": [-16.546404943581702, -12.541641318979366, -14.095954337489225, -14.20278741441513, -10.72316994419875, -10.18402707932135], "2_0_0_0": [-24.548498412696752, -22.4903745503788, -20.676959935221124, -21.771495381478363, -20.734907128682124, -25.58191856471756], "2_0_0_2": [-21.371639441851066, -25.652941023863274, -19.485944814489372, -26.386711729995213, -26.05755852130206, -24.37780302987013], "2_0_0_1": [-33.26017717629307, -23.661957794940655, -31.970490447930505, -25.855851697315224, -27.558572300738838, -30.28682264513412], "0_0_0_2": [0.21057091126002847, 0.0, 0.0, 0.0, 0.0, 0.0], "0_0_0_0": [0.22057091085024655, 0.0, 0.0, 0.0, 0.0, 0.0]}, "epsilon": 0.04998167105871959, "episodes": 6000}