{"q_table": {"2_1_1_0": [-2.1480367600163537, -1.6945437245853698, 11.246524308524052, -1.108056451372643, -1.8146279611732146, -3.8806858608035815], "2_1_1_2": [1.2583102117830893, 1.8428522716455806, -2.5498611879931294, 1.2438800415300486, 0.8432976306074396, 1.0670316877772286], "2_1_1_1": [2.2554956244179243, -2.3993353315814714, -5.185205892100457, -2.7060232538813653, -4.858594733188985, -7.556976826801873], "1_1_1_0": [10.704434637723006, 0.2591022640508416, 2.718057951110016, 19.457949983363545, 5.077298358439137, 6.7791085066122], "1_1_1_2": [-5.292504768957375, 6.475563794184389, 18.674530802721808, 5.912576955295725, -1.1264587583879, 5.766708554918877], "1_1_1_1": [5.047623487646692, 9.062771945931875, -1.3921579895457863, 3.1369434099260336, 22.23967372730748, 3.632113653002069], "1_1_0_2": [2.898355591978089, 2.6443901150008493, 17.272699953735035, 2.5084685244864446, -0.8306966905751052, -2.155035345085076], "1_0_1_0": [8.283936394027823, 5.713968079525946, 14.414372379976527, 9.766750952301209, 4.982676066528346, 9.018746729667969], "1_1_0_1": [9.522211420280696, 10.452232480001594, 15.572616916309169, 13.096078484263549, 17.844420099095885, 9.428092283498616], "1_0_1_1": [7.441974448419482, 8.959084031975543, 9.340082510590452, 9.733666369321853, 8.715222518583166, 9.224422016469065], "1_1_0_0": [4.887888872477175, 17.22982806207344, 7.587055025515053, 19.592932807228056, 3.42341820754696, 6.1884906460709175], "1_0_1_2": [5.624408720317065, 9.028748919174534, 8.673035310399909, 9.101253421184083, 9.67430454616178, 8.277117746542695], "2_1_0_0": [-4.811802411914671, -7.522453001677008, -4.165755124408065, -1.895543664143651, -2.049296967330156, 6.612748793316321], "2_0_1_0": [0.18254494793117748, -4.297825098823595, 8.04288823630188, 0.7310477327572338, -1.6737486769016963, 1.1600104883565021], "2_0_1_1": [-0.5875035988215285, -0.6061767347974244, -3.389418471127987, -5.845208762450345, -0.15635151706603878, 4.994397990917796], "2_1_0_1": [-8.606942003358894, -7.346572310379641, -8.253845210070251, -7.0199342113853405, 2.223303274233919, -6.6192235497632], "2_0_1_2": [1.3070057261933454, 6.614522276275224, -1.3097126861874209, 1.76953339392077, -3.1001048894732484, -0.04196716234771164], "2_1_0_2": [0.65537069286562, -12.12091559927227, -10.2180535146031, -10.317426799050558, -9.699685541570382, -10.35873022598435], "1_0_0_1": [-3.4767844767816105, -2.3559623595961083, 3.9998787645645613, 3.441413732598697, 0.35376689477095785, 0.7954560292137398], "1_0_0_0": [-2.284100670242947, 0.33666359343897545, 0.6743038950097928, -0.6580179555503493, -3.4772543322646468, 4.954636795774994], "1_0_0_2": [-5.366382559061458, -6.39187140043984, -3.172505481436401, -2.7735578409514856, 3.3532052491991218, -8.80965467036273], "2_0_0_1": [-17.064459255463664, -11.03749084234352, -7.030646270462326, -11.865750827379243, -12.163503204007577, -12.40970319991161], "2_0_0_0": [-12.469569139251863, -16.40954904382835, -11.705530811399132, -7.612013124457017, -11.445959709506184, -14.454625716273267], "2_0_0_2": [-12.360299931748193, -15.580749095339208, -15.318304229019061, -10.301221340475742, -10.957150810027056, -13.299614770728795]}, "epsilon": 0.04998167105871959, "episodes": 6076}